center_name,hotline,contact,phone,email,website,response_area,response_type,source
Northcoast Marine Mammal Center (NMMC),707-951-4722,Lauren Himmelreich,509-496-2710,info@northcoastmmc.org,http://www.northcoastmmc.org,"Del Norte and Humboldt Counties, California",Live Pinniped Rescue and Rehabilitation; Live Cetacean Response and Transport; Sea Turtle Response; Whale Entanglement Response,2026 West Coast Marine Mammal Stranding Network Directory
California Polytechnic University - Humboldt (CPUH),707-826-3650 or 707-498-6200,Allison Lui,916-205-1600,allison.lui@humboldt.edu,http://mmerp.org/,"Del Norte, Humboldt, and Northern Mendocino Counties, California","Dead Cetacean, Pinniped, and Sea Turtle Response; Whale Entanglement Response",2026 West Coast Marine Mammal Stranding Network Directory
The Marine Mammal Center - Northern Range Operations (TMMC-NRO),415-289-7350,Dispatch Hotline,415-289-7350,rescue@tmmc.org,http://www.marinemammalcenter.org,"San Francisco Bay: Mendocino, Sonoma, Napa, Marin, Solano, Contra Costa, Alameda, Santa Clara, San Francisco, and San Mateo Counties, California","Live Pinniped, Cetacean, and Sea Turtle Response and Rehabilitation; Whale Entanglement Response",2026 West Coast Marine Mammal Stranding Network Directory
"California Academy of Sciences, Department of Ornithology and Mammalogy (CAS)",415-379-5381,Sue Pemberton,415-379-5381,marinemammals@calacademy.org and spemberton@calacademy.org,http://www.calacademy.org,"San Francisco Bay: Southern Mendocino, Sonoma, Napa, Marin, Solano, Yolo, Sutter, Contra Costa, San Joaquin, San Francisco, Alameda, San Mateo, and Santa Clara Counties, California","Dead Cetacean, Pinniped, and Sea Turtle Response",2026 West Coast Marine Mammal Stranding Network Directory
"Long Marine Laboratory, University of California - Santa Cruz (LML)",831-212-1272,Robin Dunkin,831-334-0640,strand@ucsc.edu,http://lmlstrandingnetwork.ucsc.edu/,"Santa Cruz County, California",Dead Pinniped and Cetacean Response; Live Cetacean Rescue and Rehabilitation; Sea Turtle Response,2026 West Coast Marine Mammal Stranding Network Directory
The Marine Mammal Center - Monterey Bay Operations (TMMC-MBO),415-289-7350,Dispatch Hotline,415-289-7350,rescue@tmmc.org,http://www.marinemammalcenter.org,"Monterey and Santa Cruz Counties, California","Live Marine Mammal Rescue, Triage, and Transport from Monterey and Santa Cruz Counties to TMMC-Sausalito; Sea Turtle Response; Whale Entanglement Response",2026 West Coast Marine Mammal Stranding Network Directory
Moss Landing Marine Laboratories (MLML),831-771-4422,Gitte McDonald,831-771-4417,mlmlstranding@gmail.com,http://birdmam.mlml.calstate.edu/stranding-network/,"Monterey County, California","Dead Cetacean, Pinniped, and Sea Turtle Response",2026 West Coast Marine Mammal Stranding Network Directory
The Marine Mammal Center - San Luis Obispo Operations (TMMC-SLO),415-289-7350,Dispatch Hotline,415-289-7350,rescue@tmmc.org,http://www.marinemammalcenter.org,"San Luis Obispo County, California","Live Marine Mammal Rescue, Triage, and Transport from San Luis Obispo County to TMMC-Sausalito; Sea Turtle Response; Whale Entanglement Response",2026 West Coast Marine Mammal Stranding Network Directory
Central California Marine Animal Response Team (CCMART),805-242-3560,Barbie Halaska,805-242-3560,barbie.halaska@ccmarineresponse.org,https://www.ccmarineresponse.org/,"San Luis Obispo County, California","Dead Cetacean, Pinniped, and Sea Turtle Response",2026 West Coast Marine Mammal Stranding Network Directory
Channel Islands Cetacean Research Unit (CICRU),805-500-6220,Michelle Berman-Kowalewski,805-896-0858,michelle@cicru.org,http://cicru.org,"Santa Barbara, and Ventura Counties, California",Dead Cetacean Response,2026 West Coast Marine Mammal Stranding Network Directory
Channel Islands Marine & Wildlife Institute (CIMWI),805-567-1505,Ruth Dover,805-637-0805,info@cimwi.org,http://www.cimwi.org,"Santa Barbara and Ventura Counties, California",Live Pinniped Rescue and Rehabilitation; Dead Pinniped Response; Live Cetacean Stabilization and Short-Term Holding; Sea Turtle Response; Whale Entanglement Response,2026 West Coast Marine Mammal Stranding Network Directory
California Wildlife Center (CWC),310-924-7256,Heather Henderson,310-924-7256,hhenderson@cawildlife.org,http://www.cawildlife.org,"Malibu City Limits and Topanga Beach, California",Live Pinniped Rescue and Rehabilitation; Live Cetacean Rescue and Transport; Dead Pinniped and Cetacean Response; Sea Turtle Response,2026 West Coast Marine Mammal Stranding Network Directory
Ocean Animal Response and Research Alliance (OARRA),949-395-4679,Keith Matassa,949-395-4679,kmatassa@oarra.org,http://www.oarra.org,"Los Angeles County, California","Dead Cetacean, Pinniped, and Sea Turtle Response; Whale Entanglement Response",2026 West Coast Marine Mammal Stranding Network Directory
Marine Mammal Care Center of Los Angeles (MMCCLA),1-800-39-WHALE (800-399-4253),Mattison Peters,510 717-1366,info@mmccla.org,http://www.marinemammalcare.org,"Los Angeles County, California","Live Pinniped Rescue and Rehabilitation; Live Cetacean Response, Stabilization and Short-Term Holding",2026 West Coast Marine Mammal Stranding Network Directory
Pacific Marine Mammal Center (PMMC),949-494-3050,Shawn Abbey,928-301-9716,sabbey@pacificmmc.org,http://www.pacificmmc.org,"Orange County, California",Live Pinniped Rescue and Rehabilitation; Cetacean Stabilization and Short-Term Holding; Dead Pinniped and Cetacean Response; Sea Turtle Response; Whale Entanglement Response,2026 West Coast Marine Mammal Stranding Network Directory
SeaWorld of California (SWC),1-800-541-SEAL (7325),Jeni Smith,1-800-541-SEAL (7325),swc.rescue@seaworld.com,http://www.seaworld.org,"San Diego County, California",Live Pinniped and Cetacean Response and Rehabilitation; Sea Turtle Response and Rehabilitation; Whale Entanglement Response,2026 West Coast Marine Mammal Stranding Network Directory
Southwest Fisheries Science Center (SWFSC),858-546-7162,Keiko Sherman,858-334-2849,kathryn.sherman@noaa.gov,http://swfsc.noaa.gov,"San Diego County, California",Dead Cetacean and Sea Turtle Response; Limited Dead Pinniped Response,2026 West Coast Marine Mammal Stranding Network Directory
Northern Oregon Southern Washington Marine Mammal Stranding Program,503-738-6211 Seaside Aquarium,Dr. Deb Duffield,For urgent after-hours cases please call: 303-817-3648,duffieldd@pdx.edu,,Northern Oregon including Clatsop and Tillamook counties and the southern Washington coast including Pacific County. The response area also includes the Oregon and Washington shores of the Columbia River to Bonneville Dam and the shores of the Willamette River to Willamette Falls in Oregon.,Live and Dead Marine Mammal Stranding Response,2026 West Coast Marine Mammal Stranding Network Directory
"Oregon State University, Hatfield Marine Science Center",541-270-6830,Jim Rice,541-270-6830,jim.rice@oregonstate.edu,http://mmi.oregonstate.edu/ommsn,"Tillamook, Lincoln, Lane, Douglas, Coos, and Curry Counties, Oregon.",Live and Dead Marine Mammal Stranding Response,2026 West Coast Marine Mammal Stranding Network Directory
Oregon Department of Fish and Wildlife (Network Support in Oregon),,"Mike Brown, Susan Riemer, Bryan Wright",Mike Brown 971-707-1764; Susan Riemer 541-373-9652; Bryan Wright 541-760-9543,"michael.l.brown@odfw.oregon.gov, & susan.d.riemer@odfw.oregon.gov, & bryan.e.wright@odfw.oregon.gov",https://www.dfw.state.or.us/MRP/mammals/index.asp,"OSU and PSU cover marine mammal strandings statewide, ODFW is available to support Network partners as needed.","Live Pinniped Response and Relocation, Dead Pinniped and Cetacean Response on Oregon coast or in the Columbia River, Education and Outreach.",2026 West Coast Marine Mammal Stranding Network Directory
Whatcom Humane Society Wildlife Services,360-966-8845,Anna Schwabe,360-966-8845,wildlifemgr@whatcomhumane.org,https://whatcomhumane.org/wildlife/,"Whatcom County, Washington","Live and Dead Marine Mammal Stranding Response, Short-Term Holding Facility",2026 West Coast Marine Mammal Stranding Network Directory
San Juan County Marine Mammal Stranding Network (The Whale Museum),1-800-562-8832,Erin Casellas & Jessica Farrer,360-472-1852,erin@whalemuseum.org & jessica@whalemuseum.org,https://whalemuseum.org/pages/marine-mammal-stranding-network,"San Juan Islands, Washington",Live and Dead Marine Mammal Stranding Response,2026 West Coast Marine Mammal Stranding Network Directory
Central Puget Sound Marine Mammal Stranding Network,866-672-2638 (Choose stranding option),Garry Heinrich,949-233-2822,Garryh@orcanetwork.org & strandings@orcanetwork.org,http://www.orcanetwork.org/Main/index.php?categories_file=Strandings,"Whidbey and Camano Islands, Skagit Co. and North Snohomish Co., Washington",Live and Dead Marine Mammal Stranding Response,2026 West Coast Marine Mammal Stranding Network Directory
Port Townsend Marine Science Center Marine Mammal Stranding Network,360-385-5582 x103,Hillary Sanders,360-385-5582 x 301,hsanders@ptmsc.org & mmsn@ptmsc.org,http://www.ptmsc.org/,"Eastern Jefferson County and part of Eastern Clallam County. Port Townsend east to the Hood Canal Bridge, south to Brinnon and west to Sequim Bay also including the Miller Peninsula.",Live and Dead Marine Mammal Stranding Response,2026 West Coast Marine Mammal Stranding Network Directory
Sno-King Marine Mammal Response (Seattle Marine Mammal Stranding Network),206-695-2277,Rachel Mayer,510-872-0708,rachel.mayer@comcast.net,,Seattle to Kayak Point,Live and Dead Marine Mammal Stranding Response,2026 West Coast Marine Mammal Stranding Network Directory
Seal Sitters Marine Mammal Stranding Network,206-905-7325,David Hutchinson & Victoria Nelson,"206-595-6173, 206-938-5544","ddhutchinson_2@msn.com, & johnvick@comcast.net",http://www.sealsitters.org/ & http://www.blubberblog.org/,West Seattle,Live and Dead Marine Mammal Stranding Response,2026 West Coast Marine Mammal Stranding Network Directory
"SR3 SeaLife Response, Rehab, and Research",206-947-4253,Casey Mclean,206-413-5962,info@SR3.org,http://www.SR3.org,"Des Moines site, all Pacific NW","Live and Dead Marine Mammal Stranding Response. SR3 can perform health assessments, stranding response support, euthanasia, necropsy, live animal stabilization, and transport services as requested by the West Coast Marine Mammal Stranding Network. SR3 is also an approved long-term marine mammal rehabilitation center.",2026 West Coast Marine Mammal Stranding Network Directory
Washington Department of Fish and Wildlife,253-208-2427 Reports may also be emailed to: Marinemammals@dfw.wa.gov,Dyanna Lambourn,"253-208-2427 (hotline), 564-250-1164 (Dyanna work cell)",dyanna.lambourn@dfw.wa.gov & Marinemammals@dfw.wa.gov,http://wdfw.wa.gov/,All of Pierce Co. and Kitsap Co. and Olympic National Park south to N. Pacific County for pinnipeds. Statewide sea otter response. Able to assist with live and dead marine mammal responses statewide.,Live and Dead Marine Mammal & Sea Turtle Stranding Response,2026 West Coast Marine Mammal Stranding Network Directory
MaST-Highline Community College,206-724-2687,Rus Higley & Aeriel Wauhob,206-715-0576 & 206-592-4502,rhigley@highline.edu & awauhob@highline.edu,https://mast.highline.edu/,Starting at Brace Point to Brown’s Point (specifically the Brown’s Point Lighthouse) in King and Pierce County in Washington State.,Live and Dead Marine Mammal Stranding Response,2026 West Coast Marine Mammal Stranding Network Directory
World Vets,253-777-1775,"Dr. Cathy King, EJ Verble",,marine-mammals@worldvets.org,https://worldvets.org/marine-mammal-response2/,"Vashon and Maury Islands and other areas in Washington in collaboration with network partners. World Vets provides 96 hour or less care for small pinnipeds in Washington State and can perform health assessments, stranding response and vessel support, euthanasia, necropsy, live animal stabilization, and transport services, prioritizing the South Sound.",Live and Dead Marine Mammal Stranding Response,2026 West Coast Marine Mammal Stranding Network Directory
Cascadia Research Collective,360-791-9555,Jessie Huggins,360-791-9555,jhuggins@cascadiaresearch.org & strandings@cascadiaresearch.org,http://www.cascadiaresearch.org/,"All of Thurston Co., western shoreline of the Hood Canal to Brinnon, and the outer coast of Washington for cetaceans.",Live and Dead Marine Mammal Stranding Response,2026 West Coast Marine Mammal Stranding Network Directory
Feiro Marine Life Center,360-775-5182,Tamara Galvan,360-775-5182,tamara@feiromarinelifecenter.org,,East of Port Angeles to Makah Reservation Line,Live and Dead Marine Mammal Stranding Response,2026 West Coast Marine Mammal Stranding Network Directory
Makah Fisheries,360-640-0569,Jonathan Scordino,360-645-3176,mtcmmbiologist@centurytel.net & jonathan.scordino@makah.com,http://www.makah.com/,"Makah Territory (Neah Bay, WA)",Live and Dead Marine Mammal Stranding Response,2026 West Coast Marine Mammal Stranding Network Directory
